,amt_training_data,classifier_name,feature_name,feature_selector,result,split
0,0.1,Nearest Neighbors,ngrams,None,0.5086705202312138,0
1,0.1,Linear SVM,ngrams,None,0.6358381502890174,0
2,0.1,RBF SVM,ngrams,None,0.35260115606936415,0
3,0.1,Decision Tree,ngrams,None,0.6358381502890174,0
4,0.1,Random Forest,ngrams,None,0.4046242774566474,0
5,0.1,AdaBoost,ngrams,None,0.5606936416184971,0
6,0.1,Naive Bayes,ngrams,None,0.5086705202312138,0
7,0.1,LDA,ngrams,None,0.4682080924855491,0
8,0.2,Nearest Neighbors,ngrams,None,0.5895953757225434,0
9,0.2,Linear SVM,ngrams,None,0.6994219653179191,0
10,0.2,RBF SVM,ngrams,None,0.35260115606936415,0
11,0.2,Decision Tree,ngrams,None,0.6705202312138728,0
12,0.2,Random Forest,ngrams,None,0.3872832369942196,0
13,0.2,AdaBoost,ngrams,None,0.6127167630057804,0
14,0.2,Naive Bayes,ngrams,None,0.6127167630057804,0
15,0.2,LDA,ngrams,None,0.5549132947976878,0
16,0.30000000000000004,Nearest Neighbors,ngrams,None,0.5722543352601156,0
17,0.30000000000000004,Linear SVM,ngrams,None,0.7052023121387283,0
18,0.30000000000000004,RBF SVM,ngrams,None,0.35260115606936415,0
19,0.30000000000000004,Decision Tree,ngrams,None,0.6589595375722543,0
20,0.30000000000000004,Random Forest,ngrams,None,0.36416184971098264,0
21,0.30000000000000004,AdaBoost,ngrams,None,0.6416184971098265,0
22,0.30000000000000004,Naive Bayes,ngrams,None,0.6184971098265896,0
23,0.30000000000000004,LDA,ngrams,None,0.5028901734104047,0
24,0.4,Nearest Neighbors,ngrams,None,0.5895953757225434,0
25,0.4,Linear SVM,ngrams,None,0.7630057803468208,0
26,0.4,RBF SVM,ngrams,None,0.35260115606936415,0
27,0.4,Decision Tree,ngrams,None,0.6763005780346821,0
28,0.4,Random Forest,ngrams,None,0.3468208092485549,0
29,0.4,AdaBoost,ngrams,None,0.6358381502890174,0
30,0.4,Naive Bayes,ngrams,None,0.6647398843930635,0
31,0.4,LDA,ngrams,None,0.5491329479768786,0
32,0.5,Nearest Neighbors,ngrams,None,0.6069364161849711,0
33,0.5,Linear SVM,ngrams,None,0.7398843930635838,0
34,0.5,RBF SVM,ngrams,None,0.35260115606936415,0
35,0.5,Decision Tree,ngrams,None,0.7109826589595376,0
36,0.5,Random Forest,ngrams,None,0.3930635838150289,0
37,0.5,AdaBoost,ngrams,None,0.6358381502890174,0
38,0.5,Naive Bayes,ngrams,None,0.6473988439306358,0
39,0.5,LDA,ngrams,None,0.5722543352601156,0
40,0.6,Nearest Neighbors,ngrams,None,0.6069364161849711,0
41,0.6,Linear SVM,ngrams,None,0.7630057803468208,0
42,0.6,RBF SVM,ngrams,None,0.35260115606936415,0
43,0.6,Decision Tree,ngrams,None,0.7225433526011561,0
44,0.6,Random Forest,ngrams,None,0.34104046242774566,0
45,0.6,AdaBoost,ngrams,None,0.6763005780346821,0
46,0.6,Naive Bayes,ngrams,None,0.6473988439306358,0
47,0.6,LDA,ngrams,None,0.43352601156069365,0
48,0.7000000000000001,Nearest Neighbors,ngrams,None,0.6184971098265896,0
49,0.7000000000000001,Linear SVM,ngrams,None,0.7341040462427746,0
50,0.7000000000000001,RBF SVM,ngrams,None,0.35260115606936415,0
51,0.7000000000000001,Decision Tree,ngrams,None,0.6994219653179191,0
52,0.7000000000000001,Random Forest,ngrams,None,0.35260115606936415,0
53,0.7000000000000001,AdaBoost,ngrams,None,0.6358381502890174,0
54,0.7000000000000001,Naive Bayes,ngrams,None,0.6589595375722543,0
55,0.7000000000000001,LDA,ngrams,None,0.6127167630057804,0
56,0.8,Nearest Neighbors,ngrams,None,0.6127167630057804,0
57,0.8,Linear SVM,ngrams,None,0.7341040462427746,0
58,0.8,RBF SVM,ngrams,None,0.35260115606936415,0
59,0.8,Decision Tree,ngrams,None,0.6936416184971098,0
60,0.8,Random Forest,ngrams,None,0.3583815028901734,0
61,0.8,AdaBoost,ngrams,None,0.6358381502890174,0
62,0.8,Naive Bayes,ngrams,None,0.6763005780346821,0
63,0.8,LDA,ngrams,None,0.3583815028901734,0
64,0.9,Nearest Neighbors,ngrams,None,0.6127167630057804,0
65,0.9,Linear SVM,ngrams,None,0.7572254335260116,0
66,0.9,RBF SVM,ngrams,None,0.35260115606936415,0
67,0.9,Decision Tree,ngrams,None,0.7109826589595376,0
68,0.9,Random Forest,ngrams,None,0.3815028901734104,0
69,0.9,AdaBoost,ngrams,None,0.6358381502890174,0
70,0.9,Naive Bayes,ngrams,None,0.6878612716763006,0
71,0.9,LDA,ngrams,None,0.5317919075144508,0
72,1.0,Nearest Neighbors,ngrams,None,0.6416184971098265,0
73,1.0,Linear SVM,ngrams,None,0.7630057803468208,0
74,1.0,RBF SVM,ngrams,None,0.35260115606936415,0
75,1.0,Decision Tree,ngrams,None,0.7052023121387283,0
76,1.0,Random Forest,ngrams,None,0.3699421965317919,0
77,1.0,AdaBoost,ngrams,None,0.6184971098265896,0
78,1.0,Naive Bayes,ngrams,None,0.6878612716763006,0
79,1.0,LDA,ngrams,None,0.45664739884393063,0
80,0.1,Nearest Neighbors,ngrams,None,0.5491329479768786,1
81,0.1,Linear SVM,ngrams,None,0.6589595375722543,1
82,0.1,RBF SVM,ngrams,None,0.35260115606936415,1
83,0.1,Decision Tree,ngrams,None,0.630057803468208,1
84,0.1,Random Forest,ngrams,None,0.37572254335260113,1
85,0.1,AdaBoost,ngrams,None,0.5780346820809249,1
86,0.1,Naive Bayes,ngrams,None,0.6647398843930635,1
87,0.1,LDA,ngrams,None,0.5086705202312138,1
88,0.2,Nearest Neighbors,ngrams,None,0.6011560693641619,1
89,0.2,Linear SVM,ngrams,None,0.7283236994219653,1
90,0.2,RBF SVM,ngrams,None,0.35260115606936415,1
91,0.2,Decision Tree,ngrams,None,0.6705202312138728,1
92,0.2,Random Forest,ngrams,None,0.36416184971098264,1
93,0.2,AdaBoost,ngrams,None,0.6358381502890174,1
94,0.2,Naive Bayes,ngrams,None,0.6416184971098265,1
95,0.2,LDA,ngrams,None,0.6127167630057804,1
96,0.30000000000000004,Nearest Neighbors,ngrams,None,0.6358381502890174,1
97,0.30000000000000004,Linear SVM,ngrams,None,0.7630057803468208,1
98,0.30000000000000004,RBF SVM,ngrams,None,0.35260115606936415,1
99,0.30000000000000004,Decision Tree,ngrams,None,0.7225433526011561,1
100,0.30000000000000004,Random Forest,ngrams,None,0.3699421965317919,1
101,0.30000000000000004,AdaBoost,ngrams,None,0.6473988439306358,1
102,0.30000000000000004,Naive Bayes,ngrams,None,0.6936416184971098,1
103,0.30000000000000004,LDA,ngrams,None,0.653179190751445,1
104,0.4,Nearest Neighbors,ngrams,None,0.6127167630057804,1
105,0.4,Linear SVM,ngrams,None,0.7283236994219653,1
106,0.4,RBF SVM,ngrams,None,0.35260115606936415,1
107,0.4,Decision Tree,ngrams,None,0.7283236994219653,1
108,0.4,Random Forest,ngrams,None,0.3815028901734104,1
109,0.4,AdaBoost,ngrams,None,0.5144508670520231,1
110,0.4,Naive Bayes,ngrams,None,0.6763005780346821,1
111,0.4,LDA,ngrams,None,0.6416184971098265,1
112,0.5,Nearest Neighbors,ngrams,None,0.6705202312138728,1
113,0.5,Linear SVM,ngrams,None,0.7514450867052023,1
114,0.5,RBF SVM,ngrams,None,0.35260115606936415,1
115,0.5,Decision Tree,ngrams,None,0.6878612716763006,1
116,0.5,Random Forest,ngrams,None,0.3583815028901734,1
117,0.5,AdaBoost,ngrams,None,0.6184971098265896,1
118,0.5,Naive Bayes,ngrams,None,0.6878612716763006,1
119,0.5,LDA,ngrams,None,0.6127167630057804,1
120,0.6,Nearest Neighbors,ngrams,None,0.6416184971098265,1
121,0.6,Linear SVM,ngrams,None,0.815028901734104,1
122,0.6,RBF SVM,ngrams,None,0.35260115606936415,1
123,0.6,Decision Tree,ngrams,None,0.7052023121387283,1
124,0.6,Random Forest,ngrams,None,0.3699421965317919,1
125,0.6,AdaBoost,ngrams,None,0.6647398843930635,1
126,0.6,Naive Bayes,ngrams,None,0.7514450867052023,1
127,0.6,LDA,ngrams,None,0.5953757225433526,1
128,0.7000000000000001,Nearest Neighbors,ngrams,None,0.630057803468208,1
129,0.7000000000000001,Linear SVM,ngrams,None,0.8034682080924855,1
130,0.7000000000000001,RBF SVM,ngrams,None,0.35260115606936415,1
131,0.7000000000000001,Decision Tree,ngrams,None,0.7167630057803468,1
132,0.7000000000000001,Random Forest,ngrams,None,0.3699421965317919,1
133,0.7000000000000001,AdaBoost,ngrams,None,0.6705202312138728,1
134,0.7000000000000001,Naive Bayes,ngrams,None,0.6589595375722543,1
135,0.7000000000000001,LDA,ngrams,None,0.5433526011560693,1
136,0.8,Nearest Neighbors,ngrams,None,0.6416184971098265,1
137,0.8,Linear SVM,ngrams,None,0.8034682080924855,1
138,0.8,RBF SVM,ngrams,None,0.35260115606936415,1
139,0.8,Decision Tree,ngrams,None,0.7167630057803468,1
140,0.8,Random Forest,ngrams,None,0.3699421965317919,1
141,0.8,AdaBoost,ngrams,None,0.6994219653179191,1
142,0.8,Naive Bayes,ngrams,None,0.7167630057803468,1
143,0.8,LDA,ngrams,None,0.48554913294797686,1
144,0.9,Nearest Neighbors,ngrams,None,0.6820809248554913,1
145,0.9,Linear SVM,ngrams,None,0.7687861271676301,1
146,0.9,RBF SVM,ngrams,None,0.35260115606936415,1
147,0.9,Decision Tree,ngrams,None,0.7225433526011561,1
148,0.9,Random Forest,ngrams,None,0.3815028901734104,1
149,0.9,AdaBoost,ngrams,None,0.6994219653179191,1
150,0.9,Naive Bayes,ngrams,None,0.7398843930635838,1
151,0.9,LDA,ngrams,None,0.5838150289017341,1
152,1.0,Nearest Neighbors,ngrams,None,0.6820809248554913,1
153,1.0,Linear SVM,ngrams,None,0.7861271676300579,1
154,1.0,RBF SVM,ngrams,None,0.35260115606936415,1
155,1.0,Decision Tree,ngrams,None,0.7109826589595376,1
156,1.0,Random Forest,ngrams,None,0.36416184971098264,1
157,1.0,AdaBoost,ngrams,None,0.6358381502890174,1
158,1.0,Naive Bayes,ngrams,None,0.7283236994219653,1
159,1.0,LDA,ngrams,None,0.47398843930635837,1
160,0.1,Nearest Neighbors,ngrams,None,0.5028901734104047,2
161,0.1,Linear SVM,ngrams,None,0.6994219653179191,2
162,0.1,RBF SVM,ngrams,None,0.35260115606936415,2
163,0.1,Decision Tree,ngrams,None,0.5838150289017341,2
164,0.1,Random Forest,ngrams,None,0.35260115606936415,2
165,0.1,AdaBoost,ngrams,None,0.5317919075144508,2
166,0.1,Naive Bayes,ngrams,None,0.5028901734104047,2
167,0.1,LDA,ngrams,None,0.42196531791907516,2
168,0.2,Nearest Neighbors,ngrams,None,0.5780346820809249,2
169,0.2,Linear SVM,ngrams,None,0.7225433526011561,2
170,0.2,RBF SVM,ngrams,None,0.35260115606936415,2
171,0.2,Decision Tree,ngrams,None,0.7052023121387283,2
172,0.2,Random Forest,ngrams,None,0.4161849710982659,2
173,0.2,AdaBoost,ngrams,None,0.6473988439306358,2
174,0.2,Naive Bayes,ngrams,None,0.653179190751445,2
175,0.2,LDA,ngrams,None,0.5491329479768786,2
176,0.30000000000000004,Nearest Neighbors,ngrams,None,0.6069364161849711,2
177,0.30000000000000004,Linear SVM,ngrams,None,0.7341040462427746,2
178,0.30000000000000004,RBF SVM,ngrams,None,0.35260115606936415,2
179,0.30000000000000004,Decision Tree,ngrams,None,0.7109826589595376,2
180,0.30000000000000004,Random Forest,ngrams,None,0.3699421965317919,2
181,0.30000000000000004,AdaBoost,ngrams,None,0.6069364161849711,2
182,0.30000000000000004,Naive Bayes,ngrams,None,0.6589595375722543,2
183,0.30000000000000004,LDA,ngrams,None,0.5953757225433526,2
184,0.4,Nearest Neighbors,ngrams,None,0.5953757225433526,2
185,0.4,Linear SVM,ngrams,None,0.7745664739884393,2
186,0.4,RBF SVM,ngrams,None,0.35260115606936415,2
187,0.4,Decision Tree,ngrams,None,0.7283236994219653,2
188,0.4,Random Forest,ngrams,None,0.3930635838150289,2
189,0.4,AdaBoost,ngrams,None,0.6069364161849711,2
190,0.4,Naive Bayes,ngrams,None,0.7052023121387283,2
191,0.4,LDA,ngrams,None,0.5722543352601156,2
192,0.5,Nearest Neighbors,ngrams,None,0.653179190751445,2
193,0.5,Linear SVM,ngrams,None,0.7745664739884393,2
194,0.5,RBF SVM,ngrams,None,0.35260115606936415,2
195,0.5,Decision Tree,ngrams,None,0.7167630057803468,2
196,0.5,Random Forest,ngrams,None,0.36416184971098264,2
197,0.5,AdaBoost,ngrams,None,0.6011560693641619,2
198,0.5,Naive Bayes,ngrams,None,0.6705202312138728,2
199,0.5,LDA,ngrams,None,0.6127167630057804,2
200,0.6,Nearest Neighbors,ngrams,None,0.6011560693641619,2
201,0.6,Linear SVM,ngrams,None,0.7630057803468208,2
202,0.6,RBF SVM,ngrams,None,0.35260115606936415,2
203,0.6,Decision Tree,ngrams,None,0.7514450867052023,2
204,0.6,Random Forest,ngrams,None,0.35260115606936415,2
205,0.6,AdaBoost,ngrams,None,0.6705202312138728,2
206,0.6,Naive Bayes,ngrams,None,0.6994219653179191,2
207,0.6,LDA,ngrams,None,0.5664739884393064,2
208,0.7000000000000001,Nearest Neighbors,ngrams,None,0.6358381502890174,2
209,0.7000000000000001,Linear SVM,ngrams,None,0.7687861271676301,2
210,0.7000000000000001,RBF SVM,ngrams,None,0.35260115606936415,2
211,0.7000000000000001,Decision Tree,ngrams,None,0.7052023121387283,2
212,0.7000000000000001,Random Forest,ngrams,None,0.3583815028901734,2
213,0.7000000000000001,AdaBoost,ngrams,None,0.6473988439306358,2
214,0.7000000000000001,Naive Bayes,ngrams,None,0.6878612716763006,2
215,0.7000000000000001,LDA,ngrams,None,0.4913294797687861,2
216,0.8,Nearest Neighbors,ngrams,None,0.6242774566473989,2
217,0.8,Linear SVM,ngrams,None,0.7398843930635838,2
218,0.8,RBF SVM,ngrams,None,0.35260115606936415,2
219,0.8,Decision Tree,ngrams,None,0.7398843930635838,2
220,0.8,Random Forest,ngrams,None,0.41040462427745666,2
221,0.8,AdaBoost,ngrams,None,0.6878612716763006,2
222,0.8,Naive Bayes,ngrams,None,0.6763005780346821,2
223,0.8,LDA,ngrams,None,0.43352601156069365,2
224,0.9,Nearest Neighbors,ngrams,None,0.6416184971098265,2
225,0.9,Linear SVM,ngrams,None,0.7745664739884393,2
226,0.9,RBF SVM,ngrams,None,0.35260115606936415,2
227,0.9,Decision Tree,ngrams,None,0.7456647398843931,2
228,0.9,Random Forest,ngrams,None,0.37572254335260113,2
229,0.9,AdaBoost,ngrams,None,0.6589595375722543,2
230,0.9,Naive Bayes,ngrams,None,0.6878612716763006,2
231,0.9,LDA,ngrams,None,0.5606936416184971,2
232,1.0,Nearest Neighbors,ngrams,None,0.6358381502890174,2
233,1.0,Linear SVM,ngrams,None,0.7803468208092486,2
234,1.0,RBF SVM,ngrams,None,0.35260115606936415,2
235,1.0,Decision Tree,ngrams,None,0.7456647398843931,2
236,1.0,Random Forest,ngrams,None,0.3815028901734104,2
237,1.0,AdaBoost,ngrams,None,0.653179190751445,2
238,1.0,Naive Bayes,ngrams,None,0.6878612716763006,2
239,1.0,LDA,ngrams,None,0.6011560693641619,2
240,0.1,Nearest Neighbors,ngrams,None,0.5664739884393064,3
241,0.1,Linear SVM,ngrams,None,0.7052023121387283,3
242,0.1,RBF SVM,ngrams,None,0.31213872832369943,3
243,0.1,Decision Tree,ngrams,None,0.6936416184971098,3
244,0.1,Random Forest,ngrams,None,0.5606936416184971,3
245,0.1,AdaBoost,ngrams,None,0.6127167630057804,3
246,0.1,Naive Bayes,ngrams,None,0.5317919075144508,3
247,0.1,LDA,ngrams,None,0.4624277456647399,3
248,0.2,Nearest Neighbors,ngrams,None,0.6069364161849711,3
249,0.2,Linear SVM,ngrams,None,0.7803468208092486,3
250,0.2,RBF SVM,ngrams,None,0.35260115606936415,3
251,0.2,Decision Tree,ngrams,None,0.7225433526011561,3
252,0.2,Random Forest,ngrams,None,0.3872832369942196,3
253,0.2,AdaBoost,ngrams,None,0.653179190751445,3
254,0.2,Naive Bayes,ngrams,None,0.6184971098265896,3
255,0.2,LDA,ngrams,None,0.5722543352601156,3
256,0.30000000000000004,Nearest Neighbors,ngrams,None,0.6763005780346821,3
257,0.30000000000000004,Linear SVM,ngrams,None,0.7341040462427746,3
258,0.30000000000000004,RBF SVM,ngrams,None,0.35260115606936415,3
259,0.30000000000000004,Decision Tree,ngrams,None,0.6994219653179191,3
260,0.30000000000000004,Random Forest,ngrams,None,0.3930635838150289,3
261,0.30000000000000004,AdaBoost,ngrams,None,0.6647398843930635,3
262,0.30000000000000004,Naive Bayes,ngrams,None,0.6127167630057804,3
263,0.30000000000000004,LDA,ngrams,None,0.6127167630057804,3
264,0.4,Nearest Neighbors,ngrams,None,0.6705202312138728,3
265,0.4,Linear SVM,ngrams,None,0.7456647398843931,3
266,0.4,RBF SVM,ngrams,None,0.31213872832369943,3
267,0.4,Decision Tree,ngrams,None,0.7167630057803468,3
268,0.4,Random Forest,ngrams,None,0.32947976878612717,3
269,0.4,AdaBoost,ngrams,None,0.7456647398843931,3
270,0.4,Naive Bayes,ngrams,None,0.6473988439306358,3
271,0.4,LDA,ngrams,None,0.6127167630057804,3
272,0.5,Nearest Neighbors,ngrams,None,0.6936416184971098,3
273,0.5,Linear SVM,ngrams,None,0.7630057803468208,3
274,0.5,RBF SVM,ngrams,None,0.35260115606936415,3
275,0.5,Decision Tree,ngrams,None,0.7630057803468208,3
276,0.5,Random Forest,ngrams,None,0.36416184971098264,3
277,0.5,AdaBoost,ngrams,None,0.6936416184971098,3
278,0.5,Naive Bayes,ngrams,None,0.6647398843930635,3
279,0.5,LDA,ngrams,None,0.6358381502890174,3
280,0.6,Nearest Neighbors,ngrams,None,0.6763005780346821,3
281,0.6,Linear SVM,ngrams,None,0.7976878612716763,3
282,0.6,RBF SVM,ngrams,None,0.35260115606936415,3
283,0.6,Decision Tree,ngrams,None,0.7572254335260116,3
284,0.6,Random Forest,ngrams,None,0.3872832369942196,3
285,0.6,AdaBoost,ngrams,None,0.7225433526011561,3
286,0.6,Naive Bayes,ngrams,None,0.6878612716763006,3
287,0.6,LDA,ngrams,None,0.5491329479768786,3
288,0.7000000000000001,Nearest Neighbors,ngrams,None,0.6705202312138728,3
289,0.7000000000000001,Linear SVM,ngrams,None,0.7456647398843931,3
290,0.7000000000000001,RBF SVM,ngrams,None,0.35260115606936415,3
291,0.7000000000000001,Decision Tree,ngrams,None,0.7572254335260116,3
292,0.7000000000000001,Random Forest,ngrams,None,0.3699421965317919,3
293,0.7000000000000001,AdaBoost,ngrams,None,0.7341040462427746,3
294,0.7000000000000001,Naive Bayes,ngrams,None,0.6647398843930635,3
295,0.7000000000000001,LDA,ngrams,None,0.6242774566473989,3
296,0.8,Nearest Neighbors,ngrams,None,0.6936416184971098,3
297,0.8,Linear SVM,ngrams,None,0.8034682080924855,3
298,0.8,RBF SVM,ngrams,None,0.35260115606936415,3
299,0.8,Decision Tree,ngrams,None,0.7745664739884393,3
300,0.8,Random Forest,ngrams,None,0.3583815028901734,3
301,0.8,AdaBoost,ngrams,None,0.6705202312138728,3
302,0.8,Naive Bayes,ngrams,None,0.6763005780346821,3
303,0.8,LDA,ngrams,None,0.4393063583815029,3
304,0.9,Nearest Neighbors,ngrams,None,0.6878612716763006,3
305,0.9,Linear SVM,ngrams,None,0.7861271676300579,3
306,0.9,RBF SVM,ngrams,None,0.35260115606936415,3
307,0.9,Decision Tree,ngrams,None,0.7630057803468208,3
308,0.9,Random Forest,ngrams,None,0.3583815028901734,3
309,0.9,AdaBoost,ngrams,None,0.6936416184971098,3
310,0.9,Naive Bayes,ngrams,None,0.6878612716763006,3
311,0.9,LDA,ngrams,None,0.4682080924855491,3
312,1.0,Nearest Neighbors,ngrams,None,0.6936416184971098,3
313,1.0,Linear SVM,ngrams,None,0.7861271676300579,3
314,1.0,RBF SVM,ngrams,None,0.35260115606936415,3
315,1.0,Decision Tree,ngrams,None,0.7630057803468208,3
316,1.0,Random Forest,ngrams,None,0.35260115606936415,3
317,1.0,AdaBoost,ngrams,None,0.6878612716763006,3
318,1.0,Naive Bayes,ngrams,None,0.6878612716763006,3
319,1.0,LDA,ngrams,None,0.48554913294797686,3
320,0.1,Nearest Neighbors,ngrams,None,0.5375722543352601,4
321,0.1,Linear SVM,ngrams,None,0.630057803468208,4
322,0.1,RBF SVM,ngrams,None,0.35260115606936415,4
323,0.1,Decision Tree,ngrams,None,0.6589595375722543,4
324,0.1,Random Forest,ngrams,None,0.3583815028901734,4
325,0.1,AdaBoost,ngrams,None,0.6069364161849711,4
326,0.1,Naive Bayes,ngrams,None,0.5433526011560693,4
327,0.1,LDA,ngrams,None,0.5202312138728323,4
328,0.2,Nearest Neighbors,ngrams,None,0.5549132947976878,4
329,0.2,Linear SVM,ngrams,None,0.6878612716763006,4
330,0.2,RBF SVM,ngrams,None,0.35260115606936415,4
331,0.2,Decision Tree,ngrams,None,0.630057803468208,4
332,0.2,Random Forest,ngrams,None,0.4046242774566474,4
333,0.2,AdaBoost,ngrams,None,0.6011560693641619,4
334,0.2,Naive Bayes,ngrams,None,0.6069364161849711,4
335,0.2,LDA,ngrams,None,0.5491329479768786,4
336,0.30000000000000004,Nearest Neighbors,ngrams,None,0.6011560693641619,4
337,0.30000000000000004,Linear SVM,ngrams,None,0.6878612716763006,4
338,0.30000000000000004,RBF SVM,ngrams,None,0.35260115606936415,4
339,0.30000000000000004,Decision Tree,ngrams,None,0.6878612716763006,4
340,0.30000000000000004,Random Forest,ngrams,None,0.37572254335260113,4
341,0.30000000000000004,AdaBoost,ngrams,None,0.630057803468208,4
342,0.30000000000000004,Naive Bayes,ngrams,None,0.6473988439306358,4
343,0.30000000000000004,LDA,ngrams,None,0.5549132947976878,4
344,0.4,Nearest Neighbors,ngrams,None,0.6242774566473989,4
345,0.4,Linear SVM,ngrams,None,0.7630057803468208,4
346,0.4,RBF SVM,ngrams,None,0.31213872832369943,4
347,0.4,Decision Tree,ngrams,None,0.6820809248554913,4
348,0.4,Random Forest,ngrams,None,0.3699421965317919,4
349,0.4,AdaBoost,ngrams,None,0.6069364161849711,4
350,0.4,Naive Bayes,ngrams,None,0.6936416184971098,4
351,0.4,LDA,ngrams,None,0.5838150289017341,4
352,0.5,Nearest Neighbors,ngrams,None,0.6069364161849711,4
353,0.5,Linear SVM,ngrams,None,0.7167630057803468,4
354,0.5,RBF SVM,ngrams,None,0.35260115606936415,4
355,0.5,Decision Tree,ngrams,None,0.6820809248554913,4
356,0.5,Random Forest,ngrams,None,0.36416184971098264,4
357,0.5,AdaBoost,ngrams,None,0.6011560693641619,4
358,0.5,Naive Bayes,ngrams,None,0.6820809248554913,4
359,0.5,LDA,ngrams,None,0.6011560693641619,4
360,0.6,Nearest Neighbors,ngrams,None,0.6184971098265896,4
361,0.6,Linear SVM,ngrams,None,0.7687861271676301,4
362,0.6,RBF SVM,ngrams,None,0.35260115606936415,4
363,0.6,Decision Tree,ngrams,None,0.7109826589595376,4
364,0.6,Random Forest,ngrams,None,0.37572254335260113,4
365,0.6,AdaBoost,ngrams,None,0.6589595375722543,4
366,0.6,Naive Bayes,ngrams,None,0.7225433526011561,4
367,0.6,LDA,ngrams,None,0.6127167630057804,4
368,0.7000000000000001,Nearest Neighbors,ngrams,None,0.6127167630057804,4
369,0.7000000000000001,Linear SVM,ngrams,None,0.7687861271676301,4
370,0.7000000000000001,RBF SVM,ngrams,None,0.35260115606936415,4
371,0.7000000000000001,Decision Tree,ngrams,None,0.6878612716763006,4
372,0.7000000000000001,Random Forest,ngrams,None,0.3815028901734104,4
373,0.7000000000000001,AdaBoost,ngrams,None,0.6473988439306358,4
374,0.7000000000000001,Naive Bayes,ngrams,None,0.7283236994219653,4
375,0.7000000000000001,LDA,ngrams,None,0.6184971098265896,4
376,0.8,Nearest Neighbors,ngrams,None,0.653179190751445,4
377,0.8,Linear SVM,ngrams,None,0.791907514450867,4
378,0.8,RBF SVM,ngrams,None,0.35260115606936415,4
379,0.8,Decision Tree,ngrams,None,0.7167630057803468,4
380,0.8,Random Forest,ngrams,None,0.3583815028901734,4
381,0.8,AdaBoost,ngrams,None,0.6705202312138728,4
382,0.8,Naive Bayes,ngrams,None,0.7052023121387283,4
383,0.8,LDA,ngrams,None,0.6184971098265896,4
384,0.9,Nearest Neighbors,ngrams,None,0.653179190751445,4
385,0.9,Linear SVM,ngrams,None,0.7803468208092486,4
386,0.9,RBF SVM,ngrams,None,0.35260115606936415,4
387,0.9,Decision Tree,ngrams,None,0.7052023121387283,4
388,0.9,Random Forest,ngrams,None,0.3699421965317919,4
389,0.9,AdaBoost,ngrams,None,0.6589595375722543,4
390,0.9,Naive Bayes,ngrams,None,0.7514450867052023,4
391,0.9,LDA,ngrams,None,0.6127167630057804,4
392,1.0,Nearest Neighbors,ngrams,None,0.6763005780346821,4
393,1.0,Linear SVM,ngrams,None,0.791907514450867,4
394,1.0,RBF SVM,ngrams,None,0.35260115606936415,4
395,1.0,Decision Tree,ngrams,None,0.7052023121387283,4
396,1.0,Random Forest,ngrams,None,0.3699421965317919,4
397,1.0,AdaBoost,ngrams,None,0.5953757225433526,4
398,1.0,Naive Bayes,ngrams,None,0.7283236994219653,4
399,1.0,LDA,ngrams,None,0.6184971098265896,4
400,0.1,Nearest Neighbors,ngrams,None,0.5290697674418605,5
401,0.1,Linear SVM,ngrams,None,0.7034883720930233,5
402,0.1,RBF SVM,ngrams,None,0.3546511627906977,5
403,0.1,Decision Tree,ngrams,None,0.6569767441860465,5
404,0.1,Random Forest,ngrams,None,0.3546511627906977,5
405,0.1,AdaBoost,ngrams,None,0.5465116279069767,5
406,0.1,Naive Bayes,ngrams,None,0.5813953488372093,5
407,0.1,LDA,ngrams,None,0.43023255813953487,5
408,0.2,Nearest Neighbors,ngrams,None,0.5988372093023255,5
409,0.2,Linear SVM,ngrams,None,0.7034883720930233,5
410,0.2,RBF SVM,ngrams,None,0.3546511627906977,5
411,0.2,Decision Tree,ngrams,None,0.6976744186046512,5
412,0.2,Random Forest,ngrams,None,0.36046511627906974,5
413,0.2,AdaBoost,ngrams,None,0.6046511627906976,5
414,0.2,Naive Bayes,ngrams,None,0.6744186046511628,5
415,0.2,LDA,ngrams,None,0.5697674418604651,5
416,0.30000000000000004,Nearest Neighbors,ngrams,None,0.6627906976744186,5
417,0.30000000000000004,Linear SVM,ngrams,None,0.7325581395348837,5
418,0.30000000000000004,RBF SVM,ngrams,None,0.3546511627906977,5
419,0.30000000000000004,Decision Tree,ngrams,None,0.7093023255813954,5
420,0.30000000000000004,Random Forest,ngrams,None,0.37209302325581395,5
421,0.30000000000000004,AdaBoost,ngrams,None,0.6453488372093024,5
422,0.30000000000000004,Naive Bayes,ngrams,None,0.6918604651162791,5
423,0.30000000000000004,LDA,ngrams,None,0.5930232558139535,5
424,0.4,Nearest Neighbors,ngrams,None,0.686046511627907,5
425,0.4,Linear SVM,ngrams,None,0.7151162790697675,5
426,0.4,RBF SVM,ngrams,None,0.3546511627906977,5
427,0.4,Decision Tree,ngrams,None,0.7151162790697675,5
428,0.4,Random Forest,ngrams,None,0.3546511627906977,5
429,0.4,AdaBoost,ngrams,None,0.6686046511627907,5
430,0.4,Naive Bayes,ngrams,None,0.6627906976744186,5
431,0.4,LDA,ngrams,None,0.6453488372093024,5
432,0.5,Nearest Neighbors,ngrams,None,0.5988372093023255,5
433,0.5,Linear SVM,ngrams,None,0.7151162790697675,5
434,0.5,RBF SVM,ngrams,None,0.3546511627906977,5
435,0.5,Decision Tree,ngrams,None,0.7034883720930233,5
436,0.5,Random Forest,ngrams,None,0.38372093023255816,5
437,0.5,AdaBoost,ngrams,None,0.6104651162790697,5
438,0.5,Naive Bayes,ngrams,None,0.6569767441860465,5
439,0.5,LDA,ngrams,None,0.6569767441860465,5
440,0.6,Nearest Neighbors,ngrams,None,0.6453488372093024,5
441,0.6,Linear SVM,ngrams,None,0.7267441860465116,5
442,0.6,RBF SVM,ngrams,None,0.3546511627906977,5
443,0.6,Decision Tree,ngrams,None,0.7441860465116279,5
444,0.6,Random Forest,ngrams,None,0.3953488372093023,5
445,0.6,AdaBoost,ngrams,None,0.6686046511627907,5
446,0.6,Naive Bayes,ngrams,None,0.6802325581395349,5
447,0.6,LDA,ngrams,None,0.6046511627906976,5
448,0.7000000000000001,Nearest Neighbors,ngrams,None,0.686046511627907,5
449,0.7000000000000001,Linear SVM,ngrams,None,0.7441860465116279,5
450,0.7000000000000001,RBF SVM,ngrams,None,0.3546511627906977,5
451,0.7000000000000001,Decision Tree,ngrams,None,0.7441860465116279,5
452,0.7000000000000001,Random Forest,ngrams,None,0.38372093023255816,5
453,0.7000000000000001,AdaBoost,ngrams,None,0.6162790697674418,5
454,0.7000000000000001,Naive Bayes,ngrams,None,0.7325581395348837,5
455,0.7000000000000001,LDA,ngrams,None,0.6104651162790697,5
456,0.8,Nearest Neighbors,ngrams,None,0.6976744186046512,5
457,0.8,Linear SVM,ngrams,None,0.7325581395348837,5
458,0.8,RBF SVM,ngrams,None,0.3546511627906977,5
459,0.8,Decision Tree,ngrams,None,0.7093023255813954,5
460,0.8,Random Forest,ngrams,None,0.3546511627906977,5
461,0.8,AdaBoost,ngrams,None,0.6918604651162791,5
462,0.8,Naive Bayes,ngrams,None,0.6802325581395349,5
463,0.8,LDA,ngrams,None,0.47674418604651164,5
464,0.9,Nearest Neighbors,ngrams,None,0.6802325581395349,5
465,0.9,Linear SVM,ngrams,None,0.7383720930232558,5
466,0.9,RBF SVM,ngrams,None,0.3546511627906977,5
467,0.9,Decision Tree,ngrams,None,0.7441860465116279,5
468,0.9,Random Forest,ngrams,None,0.36046511627906974,5
469,0.9,AdaBoost,ngrams,None,0.6976744186046512,5
470,0.9,Naive Bayes,ngrams,None,0.7151162790697675,5
471,0.9,LDA,ngrams,None,0.436046511627907,5
472,1.0,Nearest Neighbors,ngrams,None,0.7093023255813954,5
473,1.0,Linear SVM,ngrams,None,0.7441860465116279,5
474,1.0,RBF SVM,ngrams,None,0.3546511627906977,5
475,1.0,Decision Tree,ngrams,None,0.7441860465116279,5
476,1.0,Random Forest,ngrams,None,0.3953488372093023,5
477,1.0,AdaBoost,ngrams,None,0.6744186046511628,5
478,1.0,Naive Bayes,ngrams,None,0.7151162790697675,5
479,1.0,LDA,ngrams,None,0.5,5
480,0.1,Nearest Neighbors,ngrams,None,0.49411764705882355,6
481,0.1,Linear SVM,ngrams,None,0.6823529411764706,6
482,0.1,RBF SVM,ngrams,None,0.3176470588235294,6
483,0.1,Decision Tree,ngrams,None,0.6470588235294118,6
484,0.1,Random Forest,ngrams,None,0.3411764705882353,6
485,0.1,AdaBoost,ngrams,None,0.6705882352941176,6
486,0.1,Naive Bayes,ngrams,None,0.5588235294117647,6
487,0.1,LDA,ngrams,None,0.4647058823529412,6
488,0.2,Nearest Neighbors,ngrams,None,0.5588235294117647,6
489,0.2,Linear SVM,ngrams,None,0.6882352941176471,6
490,0.2,RBF SVM,ngrams,None,0.3588235294117647,6
491,0.2,Decision Tree,ngrams,None,0.711764705882353,6
492,0.2,Random Forest,ngrams,None,0.38235294117647056,6
493,0.2,AdaBoost,ngrams,None,0.5176470588235295,6
494,0.2,Naive Bayes,ngrams,None,0.6647058823529411,6
495,0.2,LDA,ngrams,None,0.6352941176470588,6
496,0.30000000000000004,Nearest Neighbors,ngrams,None,0.5705882352941176,6
497,0.30000000000000004,Linear SVM,ngrams,None,0.7647058823529411,6
498,0.30000000000000004,RBF SVM,ngrams,None,0.3588235294117647,6
499,0.30000000000000004,Decision Tree,ngrams,None,0.7,6
500,0.30000000000000004,Random Forest,ngrams,None,0.37058823529411766,6
501,0.30000000000000004,AdaBoost,ngrams,None,0.6588235294117647,6
502,0.30000000000000004,Naive Bayes,ngrams,None,0.6470588235294118,6
503,0.30000000000000004,LDA,ngrams,None,0.6,6
504,0.4,Nearest Neighbors,ngrams,None,0.6352941176470588,6
505,0.4,Linear SVM,ngrams,None,0.7294117647058823,6
506,0.4,RBF SVM,ngrams,None,0.3588235294117647,6
507,0.4,Decision Tree,ngrams,None,0.711764705882353,6
508,0.4,Random Forest,ngrams,None,0.37058823529411766,6
509,0.4,AdaBoost,ngrams,None,0.6588235294117647,6
510,0.4,Naive Bayes,ngrams,None,0.6529411764705882,6
511,0.4,LDA,ngrams,None,0.6235294117647059,6
512,0.5,Nearest Neighbors,ngrams,None,0.6294117647058823,6
513,0.5,Linear SVM,ngrams,None,0.7941176470588235,6
514,0.5,RBF SVM,ngrams,None,0.3588235294117647,6
515,0.5,Decision Tree,ngrams,None,0.711764705882353,6
516,0.5,Random Forest,ngrams,None,0.37058823529411766,6
517,0.5,AdaBoost,ngrams,None,0.6411764705882353,6
518,0.5,Naive Bayes,ngrams,None,0.6470588235294118,6
519,0.5,LDA,ngrams,None,0.5647058823529412,6
520,0.6,Nearest Neighbors,ngrams,None,0.6411764705882353,6
521,0.6,Linear SVM,ngrams,None,0.7705882352941177,6
522,0.6,RBF SVM,ngrams,None,0.3588235294117647,6
523,0.6,Decision Tree,ngrams,None,0.7411764705882353,6
524,0.6,Random Forest,ngrams,None,0.3764705882352941,6
525,0.6,AdaBoost,ngrams,None,0.6529411764705882,6
526,0.6,Naive Bayes,ngrams,None,0.6470588235294118,6
527,0.6,LDA,ngrams,None,0.5882352941176471,6
528,0.7000000000000001,Nearest Neighbors,ngrams,None,0.6294117647058823,6
529,0.7000000000000001,Linear SVM,ngrams,None,0.7941176470588235,6
530,0.7000000000000001,RBF SVM,ngrams,None,0.3588235294117647,6
531,0.7000000000000001,Decision Tree,ngrams,None,0.711764705882353,6
532,0.7000000000000001,Random Forest,ngrams,None,0.3588235294117647,6
533,0.7000000000000001,AdaBoost,ngrams,None,0.711764705882353,6
534,0.7000000000000001,Naive Bayes,ngrams,None,0.6882352941176471,6
535,0.7000000000000001,LDA,ngrams,None,0.4588235294117647,6
536,0.8,Nearest Neighbors,ngrams,None,0.6352941176470588,6
537,0.8,Linear SVM,ngrams,None,0.7588235294117647,6
538,0.8,RBF SVM,ngrams,None,0.3588235294117647,6
539,0.8,Decision Tree,ngrams,None,0.7411764705882353,6
540,0.8,Random Forest,ngrams,None,0.3764705882352941,6
541,0.8,AdaBoost,ngrams,None,0.6352941176470588,6
542,0.8,Naive Bayes,ngrams,None,0.6941176470588235,6
543,0.8,LDA,ngrams,None,0.6235294117647059,6
544,0.9,Nearest Neighbors,ngrams,None,0.6470588235294118,6
545,0.9,Linear SVM,ngrams,None,0.7529411764705882,6
546,0.9,RBF SVM,ngrams,None,0.3588235294117647,6
547,0.9,Decision Tree,ngrams,None,0.7294117647058823,6
548,0.9,Random Forest,ngrams,None,0.38823529411764707,6
549,0.9,AdaBoost,ngrams,None,0.6764705882352942,6
550,0.9,Naive Bayes,ngrams,None,0.6882352941176471,6
551,0.9,LDA,ngrams,None,0.4823529411764706,6
552,1.0,Nearest Neighbors,ngrams,None,0.6470588235294118,6
553,1.0,Linear SVM,ngrams,None,0.7941176470588235,6
554,1.0,RBF SVM,ngrams,None,0.3588235294117647,6
555,1.0,Decision Tree,ngrams,None,0.7470588235294118,6
556,1.0,Random Forest,ngrams,None,0.36470588235294116,6
557,1.0,AdaBoost,ngrams,None,0.6588235294117647,6
558,1.0,Naive Bayes,ngrams,None,0.6705882352941176,6
559,1.0,LDA,ngrams,None,0.3235294117647059,6
560,0.1,Nearest Neighbors,ngrams,None,0.4823529411764706,7
561,0.1,Linear SVM,ngrams,None,0.7,7
562,0.1,RBF SVM,ngrams,None,0.3176470588235294,7
563,0.1,Decision Tree,ngrams,None,0.6882352941176471,7
564,0.1,Random Forest,ngrams,None,0.3176470588235294,7
565,0.1,AdaBoost,ngrams,None,0.6529411764705882,7
566,0.1,Naive Bayes,ngrams,None,0.5941176470588235,7
567,0.1,LDA,ngrams,None,0.5588235294117647,7
568,0.2,Nearest Neighbors,ngrams,None,0.5647058823529412,7
569,0.2,Linear SVM,ngrams,None,0.7470588235294118,7
570,0.2,RBF SVM,ngrams,None,0.3588235294117647,7
571,0.2,Decision Tree,ngrams,None,0.6764705882352942,7
572,0.2,Random Forest,ngrams,None,0.38235294117647056,7
573,0.2,AdaBoost,ngrams,None,0.5705882352941176,7
574,0.2,Naive Bayes,ngrams,None,0.6176470588235294,7
575,0.2,LDA,ngrams,None,0.5764705882352941,7
576,0.30000000000000004,Nearest Neighbors,ngrams,None,0.6764705882352942,7
577,0.30000000000000004,Linear SVM,ngrams,None,0.8176470588235294,7
578,0.30000000000000004,RBF SVM,ngrams,None,0.3588235294117647,7
579,0.30000000000000004,Decision Tree,ngrams,None,0.7411764705882353,7
580,0.30000000000000004,Random Forest,ngrams,None,0.3764705882352941,7
581,0.30000000000000004,AdaBoost,ngrams,None,0.6647058823529411,7
582,0.30000000000000004,Naive Bayes,ngrams,None,0.6882352941176471,7
583,0.30000000000000004,LDA,ngrams,None,0.6352941176470588,7
584,0.4,Nearest Neighbors,ngrams,None,0.6294117647058823,7
585,0.4,Linear SVM,ngrams,None,0.7176470588235294,7
586,0.4,RBF SVM,ngrams,None,0.3588235294117647,7
587,0.4,Decision Tree,ngrams,None,0.6764705882352942,7
588,0.4,Random Forest,ngrams,None,0.38235294117647056,7
589,0.4,AdaBoost,ngrams,None,0.6,7
590,0.4,Naive Bayes,ngrams,None,0.6705882352941176,7
591,0.4,LDA,ngrams,None,0.6,7
592,0.5,Nearest Neighbors,ngrams,None,0.7176470588235294,7
593,0.5,Linear SVM,ngrams,None,0.7764705882352941,7
594,0.5,RBF SVM,ngrams,None,0.3588235294117647,7
595,0.5,Decision Tree,ngrams,None,0.7411764705882353,7
596,0.5,Random Forest,ngrams,None,0.3941176470588235,7
597,0.5,AdaBoost,ngrams,None,0.5705882352941176,7
598,0.5,Naive Bayes,ngrams,None,0.6411764705882353,7
599,0.5,LDA,ngrams,None,0.49411764705882355,7
600,0.6,Nearest Neighbors,ngrams,None,0.6352941176470588,7
601,0.6,Linear SVM,ngrams,None,0.7529411764705882,7
602,0.6,RBF SVM,ngrams,None,0.3588235294117647,7
603,0.6,Decision Tree,ngrams,None,0.7529411764705882,7
604,0.6,Random Forest,ngrams,None,0.45294117647058824,7
605,0.6,AdaBoost,ngrams,None,0.6176470588235294,7
606,0.6,Naive Bayes,ngrams,None,0.6823529411764706,7
607,0.6,LDA,ngrams,None,0.5588235294117647,7
608,0.7000000000000001,Nearest Neighbors,ngrams,None,0.6941176470588235,7
609,0.7000000000000001,Linear SVM,ngrams,None,0.7823529411764706,7
610,0.7000000000000001,RBF SVM,ngrams,None,0.3588235294117647,7
611,0.7000000000000001,Decision Tree,ngrams,None,0.7411764705882353,7
612,0.7000000000000001,Random Forest,ngrams,None,0.3588235294117647,7
613,0.7000000000000001,AdaBoost,ngrams,None,0.6058823529411764,7
614,0.7000000000000001,Naive Bayes,ngrams,None,0.6882352941176471,7
615,0.7000000000000001,LDA,ngrams,None,0.5411764705882353,7
616,0.8,Nearest Neighbors,ngrams,None,0.6823529411764706,7
617,0.8,Linear SVM,ngrams,None,0.7764705882352941,7
618,0.8,RBF SVM,ngrams,None,0.3588235294117647,7
619,0.8,Decision Tree,ngrams,None,0.7647058823529411,7
620,0.8,Random Forest,ngrams,None,0.38823529411764707,7
621,0.8,AdaBoost,ngrams,None,0.5705882352941176,7
622,0.8,Naive Bayes,ngrams,None,0.6588235294117647,7
623,0.8,LDA,ngrams,None,0.6176470588235294,7
624,0.9,Nearest Neighbors,ngrams,None,0.7058823529411765,7
625,0.9,Linear SVM,ngrams,None,0.7764705882352941,7
626,0.9,RBF SVM,ngrams,None,0.3588235294117647,7
627,0.9,Decision Tree,ngrams,None,0.7470588235294118,7
628,0.9,Random Forest,ngrams,None,0.4,7
629,0.9,AdaBoost,ngrams,None,0.6529411764705882,7
630,0.9,Naive Bayes,ngrams,None,0.6352941176470588,7
631,0.9,LDA,ngrams,None,0.5647058823529412,7
632,1.0,Nearest Neighbors,ngrams,None,0.6882352941176471,7
633,1.0,Linear SVM,ngrams,None,0.8117647058823529,7
634,1.0,RBF SVM,ngrams,None,0.3588235294117647,7
635,1.0,Decision Tree,ngrams,None,0.7529411764705882,7
636,1.0,Random Forest,ngrams,None,0.3588235294117647,7
637,1.0,AdaBoost,ngrams,None,0.6588235294117647,7
638,1.0,Naive Bayes,ngrams,None,0.6352941176470588,7
639,1.0,LDA,ngrams,None,0.5235294117647059,7
640,0.1,Nearest Neighbors,ngrams,None,0.5798816568047337,8
641,0.1,Linear SVM,ngrams,None,0.6745562130177515,8
642,0.1,RBF SVM,ngrams,None,0.3609467455621302,8
643,0.1,Decision Tree,ngrams,None,0.7337278106508875,8
644,0.1,Random Forest,ngrams,None,0.33136094674556216,8
645,0.1,AdaBoost,ngrams,None,0.6094674556213018,8
646,0.1,Naive Bayes,ngrams,None,0.6094674556213018,8
647,0.1,LDA,ngrams,None,0.5088757396449705,8
648,0.2,Nearest Neighbors,ngrams,None,0.6153846153846154,8
649,0.2,Linear SVM,ngrams,None,0.7100591715976331,8
650,0.2,RBF SVM,ngrams,None,0.3609467455621302,8
651,0.2,Decision Tree,ngrams,None,0.7218934911242604,8
652,0.2,Random Forest,ngrams,None,0.39644970414201186,8
653,0.2,AdaBoost,ngrams,None,0.6153846153846154,8
654,0.2,Naive Bayes,ngrams,None,0.6272189349112426,8
655,0.2,LDA,ngrams,None,0.5325443786982249,8
656,0.30000000000000004,Nearest Neighbors,ngrams,None,0.6745562130177515,8
657,0.30000000000000004,Linear SVM,ngrams,None,0.727810650887574,8
658,0.30000000000000004,RBF SVM,ngrams,None,0.31952662721893493,8
659,0.30000000000000004,Decision Tree,ngrams,None,0.7396449704142012,8
660,0.30000000000000004,Random Forest,ngrams,None,0.40828402366863903,8
661,0.30000000000000004,AdaBoost,ngrams,None,0.6449704142011834,8
662,0.30000000000000004,Naive Bayes,ngrams,None,0.6804733727810651,8
663,0.30000000000000004,LDA,ngrams,None,0.5502958579881657,8
664,0.4,Nearest Neighbors,ngrams,None,0.6627218934911243,8
665,0.4,Linear SVM,ngrams,None,0.8047337278106509,8
666,0.4,RBF SVM,ngrams,None,0.3609467455621302,8
667,0.4,Decision Tree,ngrams,None,0.7514792899408284,8
668,0.4,Random Forest,ngrams,None,0.378698224852071,8
669,0.4,AdaBoost,ngrams,None,0.6804733727810651,8
670,0.4,Naive Bayes,ngrams,None,0.6923076923076923,8
671,0.4,LDA,ngrams,None,0.591715976331361,8
672,0.5,Nearest Neighbors,ngrams,None,0.6686390532544378,8
673,0.5,Linear SVM,ngrams,None,0.7869822485207101,8
674,0.5,RBF SVM,ngrams,None,0.3609467455621302,8
675,0.5,Decision Tree,ngrams,None,0.7633136094674556,8
676,0.5,Random Forest,ngrams,None,0.3727810650887574,8
677,0.5,AdaBoost,ngrams,None,0.7159763313609467,8
678,0.5,Naive Bayes,ngrams,None,0.6331360946745562,8
679,0.5,LDA,ngrams,None,0.6153846153846154,8
680,0.6,Nearest Neighbors,ngrams,None,0.6686390532544378,8
681,0.6,Linear SVM,ngrams,None,0.7751479289940828,8
682,0.6,RBF SVM,ngrams,None,0.3609467455621302,8
683,0.6,Decision Tree,ngrams,None,0.727810650887574,8
684,0.6,Random Forest,ngrams,None,0.3668639053254438,8
685,0.6,AdaBoost,ngrams,None,0.6923076923076923,8
686,0.6,Naive Bayes,ngrams,None,0.6686390532544378,8
687,0.6,LDA,ngrams,None,0.5739644970414202,8
688,0.7000000000000001,Nearest Neighbors,ngrams,None,0.6982248520710059,8
689,0.7000000000000001,Linear SVM,ngrams,None,0.7810650887573964,8
690,0.7000000000000001,RBF SVM,ngrams,None,0.3609467455621302,8
691,0.7000000000000001,Decision Tree,ngrams,None,0.7514792899408284,8
692,0.7000000000000001,Random Forest,ngrams,None,0.3905325443786982,8
693,0.7000000000000001,AdaBoost,ngrams,None,0.6745562130177515,8
694,0.7000000000000001,Naive Bayes,ngrams,None,0.6745562130177515,8
695,0.7000000000000001,LDA,ngrams,None,0.5680473372781065,8
696,0.8,Nearest Neighbors,ngrams,None,0.6982248520710059,8
697,0.8,Linear SVM,ngrams,None,0.7869822485207101,8
698,0.8,RBF SVM,ngrams,None,0.3609467455621302,8
699,0.8,Decision Tree,ngrams,None,0.7751479289940828,8
700,0.8,Random Forest,ngrams,None,0.41420118343195267,8
701,0.8,AdaBoost,ngrams,None,0.7041420118343196,8
702,0.8,Naive Bayes,ngrams,None,0.6745562130177515,8
703,0.8,LDA,ngrams,None,0.6153846153846154,8
704,0.9,Nearest Neighbors,ngrams,None,0.6627218934911243,8
705,0.9,Linear SVM,ngrams,None,0.7988165680473372,8
706,0.9,RBF SVM,ngrams,None,0.3609467455621302,8
707,0.9,Decision Tree,ngrams,None,0.7396449704142012,8
708,0.9,Random Forest,ngrams,None,0.40236686390532544,8
709,0.9,AdaBoost,ngrams,None,0.7218934911242604,8
710,0.9,Naive Bayes,ngrams,None,0.6982248520710059,8
711,0.9,LDA,ngrams,None,0.6094674556213018,8
712,1.0,Nearest Neighbors,ngrams,None,0.6863905325443787,8
713,1.0,Linear SVM,ngrams,None,0.7869822485207101,8
714,1.0,RBF SVM,ngrams,None,0.3609467455621302,8
715,1.0,Decision Tree,ngrams,None,0.7810650887573964,8
716,1.0,Random Forest,ngrams,None,0.35502958579881655,8
717,1.0,AdaBoost,ngrams,None,0.6863905325443787,8
718,1.0,Naive Bayes,ngrams,None,0.7100591715976331,8
719,1.0,LDA,ngrams,None,0.5857988165680473,8
720,0.1,Nearest Neighbors,ngrams,None,0.5808383233532934,9
721,0.1,Linear SVM,ngrams,None,0.688622754491018,9
722,0.1,RBF SVM,ngrams,None,0.31736526946107785,9
723,0.1,Decision Tree,ngrams,None,0.6167664670658682,9
724,0.1,Random Forest,ngrams,None,0.3532934131736527,9
725,0.1,AdaBoost,ngrams,None,0.5029940119760479,9
726,0.1,Naive Bayes,ngrams,None,0.6047904191616766,9
727,0.1,LDA,ngrams,None,0.49700598802395207,9
728,0.2,Nearest Neighbors,ngrams,None,0.6107784431137725,9
729,0.2,Linear SVM,ngrams,None,0.718562874251497,9
730,0.2,RBF SVM,ngrams,None,0.31736526946107785,9
731,0.2,Decision Tree,ngrams,None,0.6287425149700598,9
732,0.2,Random Forest,ngrams,None,0.3413173652694611,9
733,0.2,AdaBoost,ngrams,None,0.6826347305389222,9
734,0.2,Naive Bayes,ngrams,None,0.6706586826347305,9
735,0.2,LDA,ngrams,None,0.5868263473053892,9
736,0.30000000000000004,Nearest Neighbors,ngrams,None,0.6227544910179641,9
737,0.30000000000000004,Linear SVM,ngrams,None,0.7365269461077845,9
738,0.30000000000000004,RBF SVM,ngrams,None,0.3592814371257485,9
739,0.30000000000000004,Decision Tree,ngrams,None,0.6826347305389222,9
740,0.30000000000000004,Random Forest,ngrams,None,0.3532934131736527,9
741,0.30000000000000004,AdaBoost,ngrams,None,0.5748502994011976,9
742,0.30000000000000004,Naive Bayes,ngrams,None,0.688622754491018,9
743,0.30000000000000004,LDA,ngrams,None,0.5988023952095808,9
744,0.4,Nearest Neighbors,ngrams,None,0.6467065868263473,9
745,0.4,Linear SVM,ngrams,None,0.7604790419161677,9
746,0.4,RBF SVM,ngrams,None,0.3592814371257485,9
747,0.4,Decision Tree,ngrams,None,0.6467065868263473,9
748,0.4,Random Forest,ngrams,None,0.3772455089820359,9
749,0.4,AdaBoost,ngrams,None,0.6227544910179641,9
750,0.4,Naive Bayes,ngrams,None,0.7245508982035929,9
751,0.4,LDA,ngrams,None,0.6107784431137725,9
752,0.5,Nearest Neighbors,ngrams,None,0.6467065868263473,9
753,0.5,Linear SVM,ngrams,None,0.7485029940119761,9
754,0.5,RBF SVM,ngrams,None,0.3592814371257485,9
755,0.5,Decision Tree,ngrams,None,0.6586826347305389,9
756,0.5,Random Forest,ngrams,None,0.38922155688622756,9
757,0.5,AdaBoost,ngrams,None,0.6047904191616766,9
758,0.5,Naive Bayes,ngrams,None,0.7305389221556886,9
759,0.5,LDA,ngrams,None,0.6586826347305389,9
760,0.6,Nearest Neighbors,ngrams,None,0.6826347305389222,9
761,0.6,Linear SVM,ngrams,None,0.7724550898203593,9
762,0.6,RBF SVM,ngrams,None,0.3592814371257485,9
763,0.6,Decision Tree,ngrams,None,0.6407185628742516,9
764,0.6,Random Forest,ngrams,None,0.3712574850299401,9
765,0.6,AdaBoost,ngrams,None,0.6227544910179641,9
766,0.6,Naive Bayes,ngrams,None,0.6946107784431138,9
767,0.6,LDA,ngrams,None,0.6467065868263473,9
768,0.7000000000000001,Nearest Neighbors,ngrams,None,0.6766467065868264,9
769,0.7000000000000001,Linear SVM,ngrams,None,0.7664670658682635,9
770,0.7000000000000001,RBF SVM,ngrams,None,0.3592814371257485,9
771,0.7000000000000001,Decision Tree,ngrams,None,0.6586826347305389,9
772,0.7000000000000001,Random Forest,ngrams,None,0.3772455089820359,9
773,0.7000000000000001,AdaBoost,ngrams,None,0.6467065868263473,9
774,0.7000000000000001,Naive Bayes,ngrams,None,0.7425149700598802,9
775,0.7000000000000001,LDA,ngrams,None,0.5808383233532934,9
776,0.8,Nearest Neighbors,ngrams,None,0.6946107784431138,9
777,0.8,Linear SVM,ngrams,None,0.7844311377245509,9
778,0.8,RBF SVM,ngrams,None,0.3592814371257485,9
779,0.8,Decision Tree,ngrams,None,0.688622754491018,9
780,0.8,Random Forest,ngrams,None,0.3712574850299401,9
781,0.8,AdaBoost,ngrams,None,0.6526946107784432,9
782,0.8,Naive Bayes,ngrams,None,0.7005988023952096,9
783,0.8,LDA,ngrams,None,0.6287425149700598,9
784,0.9,Nearest Neighbors,ngrams,None,0.7005988023952096,9
785,0.9,Linear SVM,ngrams,None,0.7844311377245509,9
786,0.9,RBF SVM,ngrams,None,0.3592814371257485,9
787,0.9,Decision Tree,ngrams,None,0.6646706586826348,9
788,0.9,Random Forest,ngrams,None,0.3473053892215569,9
789,0.9,AdaBoost,ngrams,None,0.6107784431137725,9
790,0.9,Naive Bayes,ngrams,None,0.718562874251497,9
791,0.9,LDA,ngrams,None,0.6047904191616766,9
792,1.0,Nearest Neighbors,ngrams,None,0.718562874251497,9
793,1.0,Linear SVM,ngrams,None,0.7724550898203593,9
794,1.0,RBF SVM,ngrams,None,0.3592814371257485,9
795,1.0,Decision Tree,ngrams,None,0.6586826347305389,9
796,1.0,Random Forest,ngrams,None,0.3592814371257485,9
797,1.0,AdaBoost,ngrams,None,0.6467065868263473,9
798,1.0,Naive Bayes,ngrams,None,0.7245508982035929,9
799,1.0,LDA,ngrams,None,0.47904191616766467,9
